x,y,rssi
-75.0,0,-96.0
-74.00662251655629,0,-96.0
-73.01324503311258,0,-95.0
-72.01986754966887,0,-95.0
-71.02649006622516,0,-95.0
-70.03311258278146,0,-94.0
-69.03973509933775,0,-93.0
-68.04635761589404,0,-94.0
-67.05298013245033,0,-93.0
-66.05960264900662,0,-93.0
-65.06622516556291,0,-93.0
-64.0728476821192,0,-94.0
-63.079470198675494,0,-93.0
-62.086092715231786,0,-93.0
-61.09271523178808,0,-94.0
-60.09933774834437,0,-94.0
-59.10596026490066,0,-94.0
-58.11258278145695,0,-93.0
-57.11920529801324,0,-93.0
-56.12582781456953,0,-93.0
-55.132450331125824,0,-93.0
-54.139072847682115,0,-92.0
-53.14569536423841,0,-93.0
-52.1523178807947,0,-93.0
-51.158940397350996,0,-92.0
-50.16556291390729,0,-91.0
-49.17218543046358,0,-91.0
-48.17880794701987,0,-92.0
-47.18543046357616,0,-90.0
-46.19205298013245,0,-91.0
-45.19867549668874,0,-91.0
-44.205298013245034,0,-91.0
-43.211920529801326,0,-91.0
-42.21854304635762,0,-90.0
-41.22516556291391,0,-90.0
-40.2317880794702,0,-89.0
-39.23841059602649,0,-89.0
-38.24503311258278,0,-90.0
-37.25165562913907,0,-88.0
-36.258278145695364,0,-88.0
-35.264900662251655,0,-87.0
-34.271523178807946,0,-87.0
-33.27814569536424,0,-87.0
-32.28476821192053,0,-87.0
-31.29139072847682,0,-87.0
-30.29801324503311,0,-86.0
-29.304635761589402,0,-87.0
-28.311258278145694,0,-86.0
-27.317880794701992,0,-86.0
-26.324503311258283,0,-85.0
-25.331125827814574,0,-86.0
-24.337748344370866,0,-86.0
-23.344370860927157,0,-85.0
-22.350993377483448,0,-85.0
-21.35761589403974,0,-84.0
-20.36423841059603,0,-84.0
-19.37086092715232,0,-84.0
-18.377483443708613,0,-84.0
-17.384105960264904,0,-83.0
-16.390728476821195,0,-83.0
-15.397350993377486,0,-82.0
-14.403973509933778,0,-82.0
-13.410596026490069,0,-82.0
-12.41721854304636,0,-82.0
-11.423841059602651,0,-82.0
-10.430463576158942,0,-82.0
-9.437086092715234,0,-82.0
-8.443708609271525,0,-82.0
-7.450331125827816,0,-81.0
-6.456953642384107,0,-79.0
-5.463576158940398,0,-79.0
-4.47019867549669,0,-79.0
-3.476821192052981,0,-79.0
-2.483443708609272,0,-77.0
-1.4900662251655632,0,-77.0
-0.4966887417218544,0,-75.0
0.4966887417218544,0,-73.0
1.4900662251655632,0,-70.0
2.483443708609272,0,-68.0
3.476821192052981,0,-68.0
4.47019867549669,0,-65.0
5.463576158940398,0,-68.0
6.456953642384107,0,-68.0
7.450331125827816,0,-68.0
8.443708609271525,0,-70.0
9.437086092715234,0,-73.0
10.430463576158942,0,-75.0
11.423841059602651,0,-73.0
12.41721854304636,0,-75.0
13.410596026490069,0,-77.0
14.403973509933778,0,-77.0
15.397350993377486,0,-76.0
16.390728476821195,0,-76.0
17.384105960264904,0,-76.0
18.377483443708613,0,-76.0
19.37086092715232,0,-76.0
20.364238410596016,0,-76.0
21.357615894039725,0,-76.0
22.350993377483434,0,-76.0
23.344370860927143,0,-76.0
24.33774834437085,0,-76.0
25.33112582781456,0,-76.0
26.32450331125827,0,-77.0
27.317880794701978,0,-77.0
28.311258278145687,0,-77.0
29.304635761589395,0,-78.0
30.298013245033104,0,-78.0
31.291390728476813,0,-78.0
32.28476821192052,0,-78.0
33.27814569536423,0,-78.0
34.27152317880794,0,-79.0
35.26490066225165,0,-79.0
36.25827814569536,0,-79.0
37.251655629139066,0,-81.0
38.245033112582774,0,-81.0
39.23841059602648,0,-81.0
40.23178807947019,0,-81.0
41.2251655629139,0,-81.0
42.21854304635761,0,-82.0
43.21192052980132,0,-82.0
44.20529801324503,0,-82.0
45.198675496688736,0,-82.0
46.192052980132445,0,-82.0
47.185430463576154,0,-82.0
48.17880794701986,0,-83.0
49.17218543046357,0,-83.0
50.16556291390728,0,-83.0
51.15894039735099,0,-83.0
52.1523178807947,0,-84.0
53.14569536423841,0,-84.0
54.139072847682115,0,-85.0
55.132450331125824,0,-84.0
56.12582781456953,0,-84.0
57.11920529801324,0,-86.0
58.11258278145695,0,-86.0
59.10596026490066,0,-85.0
60.09933774834437,0,-86.0
61.09271523178808,0,-87.0
62.086092715231786,0,-86.0
63.079470198675494,0,-86.0
64.0728476821192,0,-87.0
65.06622516556291,0,-87.0
66.05960264900662,0,-87.0
67.05298013245033,0,-87.0
68.04635761589404,0,-87.0
69.03973509933775,0,-88.0
70.03311258278146,0,-88.0
71.02649006622516,0,-88.0
72.01986754966887,0,-88.0
73.01324503311258,0,-88.0
74.00662251655629,0,-88.0
75.0,0,-89.0
-75.0,5,-94.0
-73.88888888888889,5,-94.0
-72.77777777777777,5,-93.0
-71.66666666666667,5,-93.0
-70.55555555555556,5,-93.0
-69.44444444444444,5,-94.0
-68.33333333333333,5,-93.0
-67.22222222222223,5,-94.0
-66.11111111111111,5,-94.0
-65.0,5,-93.0
-63.888888888888886,5,-93.0
-62.77777777777778,5,-93.0
-61.666666666666664,5,-93.0
-60.55555555555556,5,-93.0
-59.44444444444444,5,-92.0
-58.33333333333333,5,-92.0
-57.22222222222222,5,-91.0
-56.111111111111114,5,-91.0
-55.0,5,-90.0
-53.888888888888886,5,-89.0
-52.77777777777778,5,-90.0
-51.666666666666664,5,-88.0
-50.55555555555556,5,-89.0
-49.44444444444444,5,-89.0
-48.33333333333333,5,-89.0
-47.22222222222222,5,-89.0
-46.111111111111114,5,-89.0
-45.0,5,-89.0
-43.888888888888886,5,-89.0
-42.77777777777778,5,-88.0
-41.666666666666664,5,-88.0
-40.55555555555556,5,-88.0
-39.44444444444444,5,-87.0
-38.33333333333333,5,-88.0
-37.22222222222222,5,-88.0
-36.11111111111111,5,-88.0
-35.0,5,-87.0
-33.888888888888886,5,-87.0
-32.77777777777778,5,-86.0
-31.666666666666664,5,-86.0
-30.555555555555557,5,-86.0
-29.444444444444443,5,-86.0
-28.33333333333333,5,-85.0
-27.22222222222222,5,-85.0
-26.111111111111107,5,-85.0
-25.0,5,-84.0
-23.888888888888886,5,-83.0
-22.77777777777778,5,-82.0
-21.666666666666664,5,-82.0
-20.55555555555555,5,-83.0
-19.444444444444443,5,-82.0
-18.33333333333333,5,-83.0
-17.22222222222222,5,-82.0
-16.111111111111107,5,-82.0
-15.0,5,-83.0
-13.888888888888886,5,-83.0
-12.777777777777771,5,-83.0
-11.666666666666664,5,-84.0
-10.555555555555557,5,-84.0
-9.444444444444443,5,-84.0
-8.333333333333329,5,-84.0
-7.222222222222214,5,-85.0
-6.111111111111114,5,-84.0
-5.0,5,-83.0
-3.8888888888888857,5,-81.0
-2.7777777777777715,5,-78.0
-1.6666666666666572,5,-78.0
-0.5555555555555571,5,-77.0
0.5555555555555571,5,-76.0
1.6666666666666714,5,-75.0
2.7777777777777857,5,-73.0
3.8888888888888857,5,-72.0
5.0,5,-72.0
6.111111111111114,5,-73.0
7.2222222222222285,5,-73.0
8.333333333333343,5,-78.0
9.444444444444443,5,-78.0
10.555555555555557,5,-78.0
11.666666666666671,5,-78.0
12.777777777777786,5,-79.0
13.888888888888886,5,-79.0
15.0,5,-82.0
16.111111111111114,5,-82.0
17.22222222222223,5,-83.0
18.333333333333343,5,-83.0
19.444444444444443,5,-83.0
20.555555555555557,5,-84.0
21.66666666666667,5,-83.0
22.777777777777786,5,-82.0
23.8888888888889,5,-83.0
25.0,5,-83.0
26.111111111111114,5,-83.0
27.22222222222223,5,-82.0
28.333333333333343,5,-82.0
29.444444444444443,5,-82.0
30.555555555555557,5,-82.0
31.66666666666667,5,-83.0
32.777777777777786,5,-82.0
33.8888888888889,5,-84.0
35.0,5,-83.0
36.111111111111114,5,-83.0
37.22222222222223,5,-84.0
38.33333333333334,5,-84.0
39.44444444444444,5,-84.0
40.55555555555556,5,-84.0
41.66666666666667,5,-85.0
42.777777777777786,5,-85.0
43.8888888888889,5,-85.0
45.0,5,-85.0
46.111111111111114,5,-85.0
47.22222222222223,5,-86.0
48.33333333333334,5,-86.0
49.44444444444446,5,-87.0
50.55555555555556,5,-86.0
51.66666666666667,5,-87.0
52.777777777777786,5,-87.0
53.888888888888886,5,-87.0
55.0,5,-88.0
56.111111111111114,5,-88.0
57.22222222222223,5,-88.0
58.33333333333334,5,-88.0
59.44444444444446,5,-88.0
60.55555555555557,5,-88.0
61.666666666666686,5,-88.0
62.77777777777777,5,-89.0
63.888888888888886,5,-89.0
65.0,5,-89.0
66.11111111111111,5,-89.0
67.22222222222223,5,-91.0
68.33333333333334,5,-90.0
69.44444444444446,5,-90.0
70.55555555555557,5,-91.0
71.66666666666669,5,-91.0
72.77777777777777,5,-91.0
73.88888888888889,5,-91.0
75.0,5,-91.0
-75.0,-5,-94.0
-73.88888888888889,-5,-94.0
-72.77777777777777,-5,-93.0
-71.66666666666667,-5,-93.0
-70.55555555555556,-5,-93.0
-69.44444444444444,-5,-94.0
-68.33333333333333,-5,-93.0
-67.22222222222223,-5,-94.0
-66.11111111111111,-5,-94.0
-65.0,-5,-93.0
-63.888888888888886,-5,-93.0
-62.77777777777778,-5,-93.0
-61.666666666666664,-5,-93.0
-60.55555555555556,-5,-93.0
-59.44444444444444,-5,-92.0
-58.33333333333333,-5,-92.0
-57.22222222222222,-5,-91.0
-56.111111111111114,-5,-91.0
-55.0,-5,-90.0
-53.888888888888886,-5,-89.0
-52.77777777777778,-5,-90.0
-51.666666666666664,-5,-88.0
-50.55555555555556,-5,-89.0
-49.44444444444444,-5,-89.0
-48.33333333333333,-5,-89.0
-47.22222222222222,-5,-89.0
-46.111111111111114,-5,-89.0
-45.0,-5,-89.0
-43.888888888888886,-5,-89.0
-42.77777777777778,-5,-88.0
-41.666666666666664,-5,-88.0
-40.55555555555556,-5,-88.0
-39.44444444444444,-5,-87.0
-38.33333333333333,-5,-88.0
-37.22222222222222,-5,-88.0
-36.11111111111111,-5,-88.0
-35.0,-5,-87.0
-33.888888888888886,-5,-87.0
-32.77777777777778,-5,-86.0
-31.666666666666664,-5,-86.0
-30.555555555555557,-5,-86.0
-29.444444444444443,-5,-86.0
-28.33333333333333,-5,-85.0
-27.22222222222222,-5,-85.0
-26.111111111111107,-5,-85.0
-25.0,-5,-84.0
-23.888888888888886,-5,-83.0
-22.77777777777778,-5,-82.0
-21.666666666666664,-5,-82.0
-20.55555555555555,-5,-83.0
-19.444444444444443,-5,-82.0
-18.33333333333333,-5,-83.0
-17.22222222222222,-5,-82.0
-16.111111111111107,-5,-82.0
-15.0,-5,-83.0
-13.888888888888886,-5,-83.0
-12.777777777777771,-5,-83.0
-11.666666666666664,-5,-84.0
-10.555555555555557,-5,-84.0
-9.444444444444443,-5,-84.0
-8.333333333333329,-5,-84.0
-7.222222222222214,-5,-85.0
-6.111111111111114,-5,-84.0
-5.0,-5,-83.0
-3.8888888888888857,-5,-81.0
-2.7777777777777715,-5,-78.0
-1.6666666666666572,-5,-78.0
-0.5555555555555571,-5,-77.0
0.5555555555555571,-5,-76.0
1.6666666666666714,-5,-75.0
2.7777777777777857,-5,-73.0
3.8888888888888857,-5,-72.0
5.0,-5,-72.0
6.111111111111114,-5,-73.0
7.2222222222222285,-5,-73.0
8.333333333333343,-5,-78.0
9.444444444444443,-5,-78.0
10.555555555555557,-5,-78.0
11.666666666666671,-5,-78.0
12.777777777777786,-5,-79.0
13.888888888888886,-5,-79.0
15.0,-5,-82.0
16.111111111111114,-5,-82.0
17.22222222222223,-5,-83.0
18.333333333333343,-5,-83.0
19.444444444444443,-5,-83.0
20.555555555555557,-5,-84.0
21.66666666666667,-5,-83.0
22.777777777777786,-5,-82.0
23.8888888888889,-5,-83.0
25.0,-5,-83.0
26.111111111111114,-5,-83.0
27.22222222222223,-5,-82.0
28.333333333333343,-5,-82.0
29.444444444444443,-5,-82.0
30.555555555555557,-5,-82.0
31.66666666666667,-5,-83.0
32.777777777777786,-5,-82.0
33.8888888888889,-5,-84.0
35.0,-5,-83.0
36.111111111111114,-5,-83.0
37.22222222222223,-5,-84.0
38.33333333333334,-5,-84.0
39.44444444444444,-5,-84.0
40.55555555555556,-5,-84.0
41.66666666666667,-5,-85.0
42.777777777777786,-5,-85.0
43.8888888888889,-5,-85.0
45.0,-5,-85.0
46.111111111111114,-5,-85.0
47.22222222222223,-5,-86.0
48.33333333333334,-5,-86.0
49.44444444444446,-5,-87.0
50.55555555555556,-5,-86.0
51.66666666666667,-5,-87.0
52.777777777777786,-5,-87.0
53.888888888888886,-5,-87.0
55.0,-5,-88.0
56.111111111111114,-5,-88.0
57.22222222222223,-5,-88.0
58.33333333333334,-5,-88.0
59.44444444444446,-5,-88.0
60.55555555555557,-5,-88.0
61.666666666666686,-5,-88.0
62.77777777777777,-5,-89.0
63.888888888888886,-5,-89.0
65.0,-5,-89.0
66.11111111111111,-5,-89.0
67.22222222222223,-5,-91.0
68.33333333333334,-5,-90.0
69.44444444444446,-5,-90.0
70.55555555555557,-5,-91.0
71.66666666666669,-5,-91.0
72.77777777777777,-5,-91.0
73.88888888888889,-5,-91.0
75.0,-5,-91.0
-75.0,10,-91.0
-73.88059701492537,10,-91.0
-72.76119402985074,10,-91.0
-71.64179104477611,10,-92.0
-70.5223880597015,10,-91.0
-69.40298507462687,10,-91.0
-68.28358208955224,10,-91.0
-67.16417910447761,10,-90.0
-66.04477611940298,10,-90.0
-64.92537313432835,10,-90.0
-63.80597014925373,10,-89.0
-62.68656716417911,10,-89.0
-61.56716417910448,10,-90.0
-60.44776119402985,10,-89.0
-59.32835820895522,10,-89.0
-58.208955223880594,10,-89.0
-57.08955223880597,10,-89.0
-55.97014925373135,10,-88.0
-54.85074626865672,10,-89.0
-53.73134328358209,10,-88.0
-52.61194029850746,10,-89.0
-51.492537313432834,10,-88.0
-50.37313432835821,10,-87.0
-49.25373134328358,10,-87.0
-48.13432835820896,10,-87.0
-47.01492537313433,10,-87.0
-45.8955223880597,10,-87.0
-44.776119402985074,10,-87.0
-43.65671641791045,10,-87.0
-42.53731343283582,10,-87.0
-41.417910447761194,10,-86.0
-40.29850746268657,10,-85.0
-39.17910447761194,10,-86.0
-38.059701492537314,10,-86.0
-36.94029850746269,10,-86.0
-35.820895522388064,10,-85.0
-34.701492537313435,10,-86.0
-33.58208955223881,10,-85.0
-32.462686567164184,10,-85.0
-31.343283582089555,10,-85.0
-30.223880597014926,10,-84.0
-29.104477611940304,10,-84.0
-27.985074626865675,10,-84.0
-26.865671641791046,10,-83.0
-25.746268656716424,10,-83.0
-24.626865671641795,10,-84.0
-23.507462686567166,10,-84.0
-22.388059701492544,10,-83.0
-21.268656716417915,10,-83.0
-20.149253731343286,10,-84.0
-19.029850746268664,10,-83.0
-17.910447761194035,10,-83.0
-16.791044776119406,10,-84.0
-15.671641791044784,10,-84.0
-14.552238805970156,10,-83.0
-13.432835820895527,10,-83.0
-12.313432835820905,10,-82.0
-11.194029850746276,10,-82.0
-10.074626865671647,10,-81.0
-8.955223880597018,10,-82.0
-7.835820895522389,10,-82.0
-6.716417910447774,10,-82.0
-5.597014925373145,10,-81.0
-4.477611940298516,10,-81.0
-3.358208955223887,10,-79.0
-2.238805970149258,10,-78.0
-1.119402985074629,10,-77.0
0.0,10,-75.0
1.1194029850746148,10,-74.0
2.2388059701492438,10,-74.0
3.3582089552238727,10,-73.0
4.477611940298502,10,-75.0
5.597014925373131,10,-75.0
6.71641791044776,10,-76.0
7.8358208955223745,10,-78.0
8.955223880597003,10,-81.0
10.074626865671632,10,-82.0
11.194029850746261,10,-84.0
12.31343283582089,10,-86.0
13.43283582089552,10,-87.0
14.552238805970148,10,-90.0
15.671641791044763,10,-90.0
16.791044776119392,10,-90.0
17.91044776119402,10,-90.0
19.02985074626865,10,-91.0
20.14925373134328,10,-88.0
21.268656716417908,10,-90.0
22.388059701492523,10,-87.0
23.507462686567152,10,-88.0
24.62686567164178,10,-86.0
25.74626865671641,10,-86.0
26.86567164179104,10,-86.0
27.985074626865668,10,-86.0
29.104477611940283,10,-86.0
30.22388059701491,10,-86.0
31.34328358208954,10,-86.0
32.46268656716417,10,-87.0
33.5820895522388,10,-86.0
34.70149253731343,10,-87.0
35.82089552238806,10,-88.0
36.94029850746267,10,-87.0
38.0597014925373,10,-87.0
39.17910447761193,10,-88.0
40.29850746268656,10,-88.0
41.41791044776119,10,-88.0
42.537313432835816,10,-88.0
43.65671641791043,10,-88.0
44.77611940298506,10,-89.0
45.89552238805969,10,-88.0
47.01492537313432,10,-90.0
48.13432835820895,10,-89.0
49.253731343283576,10,-88.0
50.37313432835819,10,-89.0
51.49253731343282,10,-90.0
52.61194029850745,10,-90.0
53.73134328358208,10,-89.0
54.85074626865671,10,-90.0
55.970149253731336,10,-90.0
57.089552238805965,10,-90.0
58.208955223880594,10,-90.0
59.32835820895522,10,-90.0
60.44776119402985,10,-91.0
61.56716417910445,10,-92.0
62.68656716417908,10,-92.0
63.80597014925371,10,-92.0
64.92537313432834,10,-91.0
66.04477611940297,10,-92.0
67.1641791044776,10,-93.0
68.28358208955223,10,-93.0
69.40298507462686,10,-93.0
70.52238805970148,10,-93.0
71.64179104477611,10,-92.0
72.76119402985074,10,-93.0
73.88059701492537,10,-95.0
75.0,10,-95.0
-75.0,-10,-91.0
-73.88059701492537,-10,-91.0
-72.76119402985074,-10,-91.0
-71.64179104477611,-10,-92.0
-70.5223880597015,-10,-91.0
-69.40298507462687,-10,-91.0
-68.28358208955224,-10,-91.0
-67.16417910447761,-10,-90.0
-66.04477611940298,-10,-90.0
-64.92537313432835,-10,-90.0
-63.80597014925373,-10,-89.0
-62.68656716417911,-10,-89.0
-61.56716417910448,-10,-90.0
-60.44776119402985,-10,-89.0
-59.32835820895522,-10,-89.0
-58.208955223880594,-10,-89.0
-57.08955223880597,-10,-89.0
-55.97014925373135,-10,-88.0
-54.85074626865672,-10,-89.0
-53.73134328358209,-10,-88.0
-52.61194029850746,-10,-89.0
-51.492537313432834,-10,-88.0
-50.37313432835821,-10,-87.0
-49.25373134328358,-10,-87.0
-48.13432835820896,-10,-87.0
-47.01492537313433,-10,-87.0
-45.8955223880597,-10,-87.0
-44.776119402985074,-10,-87.0
-43.65671641791045,-10,-87.0
-42.53731343283582,-10,-87.0
-41.417910447761194,-10,-86.0
-40.29850746268657,-10,-85.0
-39.17910447761194,-10,-86.0
-38.059701492537314,-10,-86.0
-36.94029850746269,-10,-86.0
-35.820895522388064,-10,-85.0
-34.701492537313435,-10,-86.0
-33.58208955223881,-10,-85.0
-32.462686567164184,-10,-85.0
-31.343283582089555,-10,-85.0
-30.223880597014926,-10,-84.0
-29.104477611940304,-10,-84.0
-27.985074626865675,-10,-84.0
-26.865671641791046,-10,-83.0
-25.746268656716424,-10,-83.0
-24.626865671641795,-10,-84.0
-23.507462686567166,-10,-84.0
-22.388059701492544,-10,-83.0
-21.268656716417915,-10,-83.0
-20.149253731343286,-10,-84.0
-19.029850746268664,-10,-83.0
-17.910447761194035,-10,-83.0
-16.791044776119406,-10,-84.0
-15.671641791044784,-10,-84.0
-14.552238805970156,-10,-83.0
-13.432835820895527,-10,-83.0
-12.313432835820905,-10,-82.0
-11.194029850746276,-10,-82.0
-10.074626865671647,-10,-81.0
-8.955223880597018,-10,-82.0
-7.835820895522389,-10,-82.0
-6.716417910447774,-10,-82.0
-5.597014925373145,-10,-81.0
-4.477611940298516,-10,-81.0
-3.358208955223887,-10,-79.0
-2.238805970149258,-10,-78.0
-1.119402985074629,-10,-77.0
0.0,-10,-75.0
1.1194029850746148,-10,-74.0
2.2388059701492438,-10,-74.0
3.3582089552238727,-10,-73.0
4.477611940298502,-10,-75.0
5.597014925373131,-10,-75.0
6.71641791044776,-10,-76.0
7.8358208955223745,-10,-78.0
8.955223880597003,-10,-81.0
10.074626865671632,-10,-82.0
11.194029850746261,-10,-84.0
12.31343283582089,-10,-86.0
13.43283582089552,-10,-87.0
14.552238805970148,-10,-90.0
15.671641791044763,-10,-90.0
16.791044776119392,-10,-90.0
17.91044776119402,-10,-90.0
19.02985074626865,-10,-91.0
20.14925373134328,-10,-88.0
21.268656716417908,-10,-90.0
22.388059701492523,-10,-87.0
23.507462686567152,-10,-88.0
24.62686567164178,-10,-86.0
25.74626865671641,-10,-86.0
26.86567164179104,-10,-86.0
27.985074626865668,-10,-86.0
29.104477611940283,-10,-86.0
30.22388059701491,-10,-86.0
31.34328358208954,-10,-86.0
32.46268656716417,-10,-87.0
33.5820895522388,-10,-86.0
34.70149253731343,-10,-87.0
35.82089552238806,-10,-88.0
36.94029850746267,-10,-87.0
38.0597014925373,-10,-87.0
39.17910447761193,-10,-88.0
40.29850746268656,-10,-88.0
41.41791044776119,-10,-88.0
42.537313432835816,-10,-88.0
43.65671641791043,-10,-88.0
44.77611940298506,-10,-89.0
45.89552238805969,-10,-88.0
47.01492537313432,-10,-90.0
48.13432835820895,-10,-89.0
49.253731343283576,-10,-88.0
50.37313432835819,-10,-89.0
51.49253731343282,-10,-90.0
52.61194029850745,-10,-90.0
53.73134328358208,-10,-89.0
54.85074626865671,-10,-90.0
55.970149253731336,-10,-90.0
57.089552238805965,-10,-90.0
58.208955223880594,-10,-90.0
59.32835820895522,-10,-90.0
60.44776119402985,-10,-91.0
61.56716417910445,-10,-92.0
62.68656716417908,-10,-92.0
63.80597014925371,-10,-92.0
64.92537313432834,-10,-91.0
66.04477611940297,-10,-92.0
67.1641791044776,-10,-93.0
68.28358208955223,-10,-93.0
69.40298507462686,-10,-93.0
70.52238805970148,-10,-93.0
71.64179104477611,-10,-92.0
72.76119402985074,-10,-93.0
73.88059701492537,-10,-95.0
75.0,-10,-95.0
-75.0,30,-99.0
-73.23529411764706,30,-99.0
-71.47058823529412,30,-98.0
-69.70588235294117,30,-96.0
-67.94117647058823,30,-98.0
-66.17647058823529,30,-98.0
-64.41176470588235,30,-96.0
-62.64705882352941,30,-96.0
-60.88235294117647,30,-98.0
-59.11764705882353,30,-96.0
-57.35294117647059,30,-96.0
-55.58823529411765,30,-96.0
-53.82352941176471,30,-95.0
-52.05882352941177,30,-95.0
-50.294117647058826,30,-95.0
-48.529411764705884,30,-95.0
-46.76470588235294,30,-94.0
-45.0,30,-95.0
-43.23529411764706,30,-94.0
-41.470588235294116,30,-94.0
-39.705882352941174,30,-94.0
-37.94117647058824,30,-93.0
-36.1764705882353,30,-93.0
-34.411764705882355,30,-94.0
-32.64705882352941,30,-93.0
-30.88235294117647,30,-93.0
-29.11764705882353,30,-92.0
-27.352941176470587,30,-92.0
-25.588235294117652,30,-92.0
-23.82352941176471,30,-92.0
-22.058823529411768,30,-91.0
-20.294117647058826,30,-91.0
-18.529411764705884,30,-91.0
-16.764705882352942,30,-91.0
-15.0,30,-90.0
-13.235294117647058,30,-90.0
-11.470588235294116,30,-90.0
-9.705882352941174,30,-88.0
-7.941176470588232,30,-87.0
-6.17647058823529,30,-86.0
-4.411764705882348,30,-85.0
-2.64705882352942,30,-84.0
-0.8823529411764781,30,-83.0
0.8823529411764639,30,-82.0
2.647058823529406,30,-81.0
4.411764705882348,30,-81.0
6.17647058823529,30,-79.0
7.941176470588232,30,-78.0
9.705882352941174,30,-78.0
11.470588235294116,30,-79.0
13.235294117647058,30,-81.0
15.0,30,-83.0
16.764705882352942,30,-83.0
18.529411764705884,30,-85.0
20.294117647058826,30,-84.0
22.058823529411768,30,-84.0
23.823529411764696,30,-85.0
25.588235294117638,30,-86.0
27.35294117647058,30,-87.0
29.117647058823522,30,-88.0
30.882352941176464,30,-88.0
32.647058823529406,30,-90.0
34.41176470588235,30,-91.0
36.17647058823529,30,-92.0
37.94117647058823,30,-95.0
39.705882352941174,30,-99.0
41.470588235294116,30,-100.0
43.23529411764706,30,-104.0
45.0,30,-101.0
46.76470588235294,30,-99.0
48.529411764705884,30,-98.0
50.294117647058826,30,-96.0
52.05882352941177,30,-96.0
53.823529411764696,30,-99.0
55.58823529411765,30,-96.0
57.35294117647058,30,-96.0
59.117647058823536,30,-98.0
60.882352941176464,30,-98.0
62.64705882352942,30,-95.0
64.41176470588235,30,-96.0
66.1764705882353,30,-96.0
67.94117647058823,30,-96.0
69.70588235294116,30,-96.0
71.47058823529412,30,-96.0
73.23529411764704,30,-96.0
75.0,30,-96.0
-75.0,-30,-99.0
-73.23529411764706,-30,-99.0
-71.47058823529412,-30,-98.0
-69.70588235294117,-30,-96.0
-67.94117647058823,-30,-98.0
-66.17647058823529,-30,-98.0
-64.41176470588235,-30,-96.0
-62.64705882352941,-30,-96.0
-60.88235294117647,-30,-98.0
-59.11764705882353,-30,-96.0
-57.35294117647059,-30,-96.0
-55.58823529411765,-30,-96.0
-53.82352941176471,-30,-95.0
-52.05882352941177,-30,-95.0
-50.294117647058826,-30,-95.0
-48.529411764705884,-30,-95.0
-46.76470588235294,-30,-94.0
-45.0,-30,-95.0
-43.23529411764706,-30,-94.0
-41.470588235294116,-30,-94.0
-39.705882352941174,-30,-94.0
-37.94117647058824,-30,-93.0
-36.1764705882353,-30,-93.0
-34.411764705882355,-30,-94.0
-32.64705882352941,-30,-93.0
-30.88235294117647,-30,-93.0
-29.11764705882353,-30,-92.0
-27.352941176470587,-30,-92.0
-25.588235294117652,-30,-92.0
-23.82352941176471,-30,-92.0
-22.058823529411768,-30,-91.0
-20.294117647058826,-30,-91.0
-18.529411764705884,-30,-91.0
-16.764705882352942,-30,-91.0
-15.0,-30,-90.0
-13.235294117647058,-30,-90.0
-11.470588235294116,-30,-90.0
-9.705882352941174,-30,-88.0
-7.941176470588232,-30,-87.0
-6.17647058823529,-30,-86.0
-4.411764705882348,-30,-85.0
-2.64705882352942,-30,-84.0
-0.8823529411764781,-30,-83.0
0.8823529411764639,-30,-82.0
2.647058823529406,-30,-81.0
4.411764705882348,-30,-81.0
6.17647058823529,-30,-79.0
7.941176470588232,-30,-78.0
9.705882352941174,-30,-78.0
11.470588235294116,-30,-79.0
13.235294117647058,-30,-81.0
15.0,-30,-83.0
16.764705882352942,-30,-83.0
18.529411764705884,-30,-85.0
20.294117647058826,-30,-84.0
22.058823529411768,-30,-84.0
23.823529411764696,-30,-85.0
25.588235294117638,-30,-86.0
27.35294117647058,-30,-87.0
29.117647058823522,-30,-88.0
30.882352941176464,-30,-88.0
32.647058823529406,-30,-90.0
34.41176470588235,-30,-91.0
36.17647058823529,-30,-92.0
37.94117647058823,-30,-95.0
39.705882352941174,-30,-99.0
41.470588235294116,-30,-100.0
43.23529411764706,-30,-104.0
45.0,-30,-101.0
46.76470588235294,-30,-99.0
48.529411764705884,-30,-98.0
50.294117647058826,-30,-96.0
52.05882352941177,-30,-96.0
53.823529411764696,-30,-99.0
55.58823529411765,-30,-96.0
57.35294117647058,-30,-96.0
59.117647058823536,-30,-98.0
60.882352941176464,-30,-98.0
62.64705882352942,-30,-95.0
64.41176470588235,-30,-96.0
66.1764705882353,-30,-96.0
67.94117647058823,-30,-96.0
69.70588235294116,-30,-96.0
71.47058823529412,-30,-96.0
73.23529411764704,-30,-96.0
75.0,-30,-96.0
-75.0,50,-99.0
-73.02631578947368,50,-99.0
-71.05263157894737,50,-100.0
-69.07894736842105,50,-96.0
-67.10526315789474,50,-98.0
-65.13157894736842,50,-95.0
-63.15789473684211,50,-96.0
-61.18421052631579,50,-95.0
-59.21052631578947,50,-95.0
-57.23684210526316,50,-95.0
-55.26315789473684,50,-95.0
-53.28947368421053,50,-94.0
-51.31578947368421,50,-94.0
-49.3421052631579,50,-92.0
-47.368421052631575,50,-92.0
-45.39473684210526,50,-92.0
-43.421052631578945,50,-92.0
-41.44736842105263,50,-91.0
-39.473684210526315,50,-91.0
-37.5,50,-90.0
-35.526315789473685,50,-91.0
-33.55263157894737,50,-91.0
-31.578947368421055,50,-94.0
-29.60526315789474,50,-96.0
-27.631578947368425,50,-99.0
-25.65789473684211,50,-96.0
-23.684210526315795,50,-89.0
-21.710526315789473,50,-87.0
-19.736842105263158,50,-84.0
-17.763157894736842,50,-83.0
-15.789473684210527,50,-83.0
-13.815789473684212,50,-82.0
-11.842105263157897,50,-82.0
-9.868421052631575,50,-79.0
-7.89473684210526,50,-78.0
-5.921052631578945,50,-77.0
-3.94736842105263,50,-78.0
-1.973684210526315,50,-78.0
0.0,50,-81.0
1.973684210526315,50,-83.0
3.94736842105263,50,-84.0
5.921052631578945,50,-86.0
7.89473684210526,50,-86.0
9.868421052631575,50,-86.0
11.84210526315789,50,-87.0
13.815789473684205,50,-87.0
15.78947368421052,50,-87.0
17.763157894736835,50,-88.0
19.73684210526315,50,-88.0
21.710526315789465,50,-88.0
23.68421052631578,50,-88.0
25.657894736842096,50,-88.0
27.63157894736841,50,-89.0
29.605263157894726,50,-90.0
31.578947368421055,50,-91.0
33.55263157894737,50,-91.0
35.526315789473685,50,-91.0
37.5,50,-93.0
39.473684210526315,50,-93.0
41.44736842105263,50,-93.0
43.421052631578945,50,-94.0
45.39473684210526,50,-98.0
47.368421052631575,50,-96.0
49.34210526315789,50,-98.0
51.315789473684205,50,-96.0
53.28947368421052,50,-96.0
55.26315789473685,50,-99.0
57.23684210526315,50,-100.0
59.21052631578948,50,-101.0
61.18421052631578,50,-105.0
63.15789473684211,50,-102.0
65.13157894736841,50,-103.0
67.10526315789474,50,-105.0
69.07894736842104,50,-102.0
71.05263157894737,50,-102.0
73.02631578947367,50,-103.0
75.0,50,-100.0
-75.0,-50,-99.0
-73.02631578947368,-50,-99.0
-71.05263157894737,-50,-100.0
-69.07894736842105,-50,-96.0
-67.10526315789474,-50,-98.0
-65.13157894736842,-50,-95.0
-63.15789473684211,-50,-96.0
-61.18421052631579,-50,-95.0
-59.21052631578947,-50,-95.0
-57.23684210526316,-50,-95.0
-55.26315789473684,-50,-95.0
-53.28947368421053,-50,-94.0
-51.31578947368421,-50,-94.0
-49.3421052631579,-50,-92.0
-47.368421052631575,-50,-92.0
-45.39473684210526,-50,-92.0
-43.421052631578945,-50,-92.0
-41.44736842105263,-50,-91.0
-39.473684210526315,-50,-91.0
-37.5,-50,-90.0
-35.526315789473685,-50,-91.0
-33.55263157894737,-50,-91.0
-31.578947368421055,-50,-94.0
-29.60526315789474,-50,-96.0
-27.631578947368425,-50,-99.0
-25.65789473684211,-50,-96.0
-23.684210526315795,-50,-89.0
-21.710526315789473,-50,-87.0
-19.736842105263158,-50,-84.0
-17.763157894736842,-50,-83.0
-15.789473684210527,-50,-83.0
-13.815789473684212,-50,-82.0
-11.842105263157897,-50,-82.0
-9.868421052631575,-50,-79.0
-7.89473684210526,-50,-78.0
-5.921052631578945,-50,-77.0
-3.94736842105263,-50,-78.0
-1.973684210526315,-50,-78.0
0.0,-50,-81.0
1.973684210526315,-50,-83.0
3.94736842105263,-50,-84.0
5.921052631578945,-50,-86.0
7.89473684210526,-50,-86.0
9.868421052631575,-50,-86.0
11.84210526315789,-50,-87.0
13.815789473684205,-50,-87.0
15.78947368421052,-50,-87.0
17.763157894736835,-50,-88.0
19.73684210526315,-50,-88.0
21.710526315789465,-50,-88.0
23.68421052631578,-50,-88.0
25.657894736842096,-50,-88.0
27.63157894736841,-50,-89.0
29.605263157894726,-50,-90.0
31.578947368421055,-50,-91.0
33.55263157894737,-50,-91.0
35.526315789473685,-50,-91.0
37.5,-50,-93.0
39.473684210526315,-50,-93.0
41.44736842105263,-50,-93.0
43.421052631578945,-50,-94.0
45.39473684210526,-50,-98.0
47.368421052631575,-50,-96.0
49.34210526315789,-50,-98.0
51.315789473684205,-50,-96.0
53.28947368421052,-50,-96.0
55.26315789473685,-50,-99.0
57.23684210526315,-50,-100.0
59.21052631578948,-50,-101.0
61.18421052631578,-50,-105.0
63.15789473684211,-50,-102.0
65.13157894736841,-50,-103.0
67.10526315789474,-50,-105.0
69.07894736842104,-50,-102.0
71.05263157894737,-50,-102.0
73.02631578947367,-50,-103.0
75.0,-50,-100.0
-75.0,70,-103.0
-73.14814814814815,70,-104.0
-71.29629629629629,70,-104.0
-69.44444444444444,70,-104.0
-67.5925925925926,70,-100.0
-65.74074074074073,70,-99.0
-63.888888888888886,70,-96.0
-62.03703703703704,70,-95.0
-60.18518518518518,70,-95.0
-58.33333333333333,70,-94.0
-56.48148148148148,70,-93.0
-54.62962962962963,70,-93.0
-52.77777777777778,70,-92.0
-50.925925925925924,70,-92.0
-49.074074074074076,70,-92.0
-47.22222222222222,70,-91.0
-45.37037037037037,70,-91.0
-43.51851851851852,70,-91.0
-41.666666666666664,70,-90.0
-39.81481481481482,70,-90.0
-37.96296296296296,70,-90.0
-36.111111111111114,70,-90.0
-34.25925925925926,70,-89.0
-32.407407407407405,70,-90.0
-30.555555555555557,70,-90.0
-28.703703703703702,70,-90.0
-26.851851851851855,70,-90.0
-25.0,70,-89.0
-23.148148148148145,70,-90.0
-21.296296296296298,70,-90.0
-19.444444444444443,70,-90.0
-17.592592592592595,70,-88.0
-15.74074074074074,70,-87.0
-13.888888888888886,70,-86.0
-12.037037037037038,70,-85.0
-10.18518518518519,70,-84.0
-8.333333333333329,70,-83.0
-6.481481481481481,70,-83.0
-4.629629629629633,70,-83.0
-2.7777777777777715,70,-83.0
-0.9259259259259238,70,-84.0
0.9259259259259238,70,-84.0
2.7777777777777715,70,-86.0
4.629629629629633,70,-86.0
6.481481481481481,70,-87.0
8.333333333333329,70,-88.0
10.18518518518519,70,-87.0
12.037037037037038,70,-88.0
13.888888888888886,70,-89.0
15.740740740740748,70,-90.0
17.592592592592595,70,-91.0
19.444444444444443,70,-91.0
21.29629629629629,70,-92.0
23.148148148148152,70,-92.0
25.0,70,-94.0
26.851851851851848,70,-93.0
28.70370370370371,70,-94.0
30.555555555555557,70,-95.0
32.407407407407405,70,-96.0
34.25925925925927,70,-96.0
36.111111111111114,70,-98.0
37.96296296296296,70,-96.0
39.81481481481481,70,-96.0
41.66666666666667,70,-98.0
43.51851851851852,70,-96.0
45.37037037037037,70,-95.0
47.22222222222223,70,-98.0
49.074074074074076,70,-98.0
50.925925925925924,70,-96.0
52.77777777777777,70,-96.0
54.62962962962962,70,-96.0
56.481481481481495,70,-96.0
58.33333333333334,70,-98.0
60.18518518518519,70,-101.0
62.03703703703704,70,-98.0
63.888888888888886,70,-101.0
65.74074074074073,70,-101.0
67.59259259259258,70,-102.0
69.44444444444446,70,-100.0
71.2962962962963,70,-100.0
73.14814814814815,70,-98.0
75.0,70,-100.0
-75.0,-70,-103.0
-73.14814814814815,-70,-104.0
-71.29629629629629,-70,-104.0
-69.44444444444444,-70,-104.0
-67.5925925925926,-70,-100.0
-65.74074074074073,-70,-99.0
-63.888888888888886,-70,-96.0
-62.03703703703704,-70,-95.0
-60.18518518518518,-70,-95.0
-58.33333333333333,-70,-94.0
-56.48148148148148,-70,-93.0
-54.62962962962963,-70,-93.0
-52.77777777777778,-70,-92.0
-50.925925925925924,-70,-92.0
-49.074074074074076,-70,-92.0
-47.22222222222222,-70,-91.0
-45.37037037037037,-70,-91.0
-43.51851851851852,-70,-91.0
-41.666666666666664,-70,-90.0
-39.81481481481482,-70,-90.0
-37.96296296296296,-70,-90.0
-36.111111111111114,-70,-90.0
-34.25925925925926,-70,-89.0
-32.407407407407405,-70,-90.0
-30.555555555555557,-70,-90.0
-28.703703703703702,-70,-90.0
-26.851851851851855,-70,-90.0
-25.0,-70,-89.0
-23.148148148148145,-70,-90.0
-21.296296296296298,-70,-90.0
-19.444444444444443,-70,-90.0
-17.592592592592595,-70,-88.0
-15.74074074074074,-70,-87.0
-13.888888888888886,-70,-86.0
-12.037037037037038,-70,-85.0
-10.18518518518519,-70,-84.0
-8.333333333333329,-70,-83.0
-6.481481481481481,-70,-83.0
-4.629629629629633,-70,-83.0
-2.7777777777777715,-70,-83.0
-0.9259259259259238,-70,-84.0
0.9259259259259238,-70,-84.0
2.7777777777777715,-70,-86.0
4.629629629629633,-70,-86.0
6.481481481481481,-70,-87.0
8.333333333333329,-70,-88.0
10.18518518518519,-70,-87.0
12.037037037037038,-70,-88.0
13.888888888888886,-70,-89.0
15.740740740740748,-70,-90.0
17.592592592592595,-70,-91.0
19.444444444444443,-70,-91.0
21.29629629629629,-70,-92.0
23.148148148148152,-70,-92.0
25.0,-70,-94.0
26.851851851851848,-70,-93.0
28.70370370370371,-70,-94.0
30.555555555555557,-70,-95.0
32.407407407407405,-70,-96.0
34.25925925925927,-70,-96.0
36.111111111111114,-70,-98.0
37.96296296296296,-70,-96.0
39.81481481481481,-70,-96.0
41.66666666666667,-70,-98.0
43.51851851851852,-70,-96.0
45.37037037037037,-70,-95.0
47.22222222222223,-70,-98.0
49.074074074074076,-70,-98.0
50.925925925925924,-70,-96.0
52.77777777777777,-70,-96.0
54.62962962962962,-70,-96.0
56.481481481481495,-70,-96.0
58.33333333333334,-70,-98.0
60.18518518518519,-70,-101.0
62.03703703703704,-70,-98.0
63.888888888888886,-70,-101.0
65.74074074074073,-70,-101.0
67.59259259259258,-70,-102.0
69.44444444444446,-70,-100.0
71.2962962962963,-70,-100.0
73.14814814814815,-70,-98.0
75.0,-70,-100.0
-75.0,100,-93.0
-73.71794871794872,100,-94.0
-72.43589743589743,100,-93.0
-71.15384615384616,100,-92.0
-69.87179487179488,100,-92.0
-68.58974358974359,100,-93.0
-67.3076923076923,100,-91.0
-66.02564102564102,100,-92.0
-64.74358974358974,100,-94.0
-63.46153846153846,100,-93.0
-62.17948717948718,100,-93.0
-60.8974358974359,100,-93.0
-59.61538461538461,100,-92.0
-58.33333333333333,100,-93.0
-57.05128205128205,100,-93.0
-55.76923076923077,100,-92.0
-54.48717948717949,100,-92.0
-53.205128205128204,100,-93.0
-51.92307692307692,100,-93.0
-50.641025641025635,100,-94.0
-49.35897435897436,100,-93.0
-48.07692307692307,100,-94.0
-46.794871794871796,100,-93.0
-45.51282051282051,100,-93.0
-44.230769230769226,100,-91.0
-42.94871794871795,100,-93.0
-41.666666666666664,100,-92.0
-40.38461538461538,100,-92.0
-39.1025641025641,100,-93.0
-37.82051282051282,100,-92.0
-36.53846153846153,100,-91.0
-35.256410256410255,100,-91.0
-33.97435897435897,100,-92.0
-32.692307692307686,100,-93.0
-31.41025641025641,100,-93.0
-30.128205128205124,100,-94.0
-28.84615384615384,100,-92.0
-27.564102564102562,100,-92.0
-26.282051282051277,100,-92.0
-24.999999999999993,100,-92.0
-23.717948717948715,100,-93.0
-22.43589743589743,100,-94.0
-21.153846153846146,100,-94.0
-19.87179487179487,100,-92.0
-18.589743589743584,100,-91.0
-17.3076923076923,100,-92.0
-16.025641025641022,100,-91.0
-14.743589743589737,100,-92.0
-13.461538461538453,100,-92.0
-12.179487179487175,100,-92.0
-10.897435897435898,100,-94.0
-9.615384615384613,100,-93.0
-8.333333333333329,100,-94.0
-7.051282051282044,100,-92.0
-5.769230769230759,100,-92.0
-4.487179487179475,100,-91.0
-3.2051282051282044,100,-91.0
-1.9230769230769198,100,-92.0
-0.6410256410256352,100,-93.0
0.6410256410256494,100,-94.0
1.923076923076934,100,-93.0
3.2051282051282186,100,-93.0
4.487179487179489,100,-93.0
5.769230769230774,100,-92.0
7.051282051282058,100,-91.0
8.333333333333343,100,-92.0
9.615384615384627,100,-94.0
10.897435897435898,100,-93.0
12.179487179487182,100,-93.0
13.461538461538467,100,-92.0
14.743589743589752,100,-92.0
16.025641025641036,100,-92.0
17.30769230769232,100,-93.0
18.58974358974359,100,-94.0
19.871794871794876,100,-92.0
21.15384615384616,100,-92.0
22.435897435897445,100,-93.0
23.71794871794873,100,-93.0
25.000000000000014,100,-92.0
26.282051282051285,100,-93.0
27.56410256410257,100,-92.0
28.846153846153854,100,-92.0
30.12820512820514,100,-93.0
31.410256410256423,100,-93.0
32.69230769230771,100,-93.0
33.97435897435898,100,-94.0
35.25641025641026,100,-93.0
36.53846153846155,100,-91.0
37.82051282051283,100,-91.0
39.102564102564116,100,-93.0
40.3846153846154,100,-93.0
41.66666666666667,100,-93.0
42.948717948717956,100,-94.0
44.23076923076924,100,-94.0
45.512820512820525,100,-92.0
46.79487179487181,100,-92.0
48.076923076923094,100,-92.0
49.358974358974365,100,-92.0
50.64102564102565,100,-93.0
51.923076923076934,100,-93.0
53.205128205128204,100,-94.0
54.4871794871795,100,-93.0
55.769230769230774,100,-93.0
57.05128205128207,100,-93.0
58.33333333333334,100,-93.0
59.61538461538461,100,-93.0
60.89743589743591,100,-93.0
62.17948717948718,100,-92.0
63.46153846153848,100,-92.0
64.74358974358975,100,-92.0
66.02564102564105,100,-92.0
67.30769230769232,100,-91.0
68.58974358974359,100,-93.0
69.87179487179489,100,-93.0
71.15384615384616,100,-92.0
72.43589743589746,100,-92.0
73.71794871794873,100,-92.0
75.0,100,-92.0
-75.0,-100,-93.0
-73.71794871794872,-100,-94.0
-72.43589743589743,-100,-93.0
-71.15384615384616,-100,-92.0
-69.87179487179488,-100,-92.0
-68.58974358974359,-100,-93.0
-67.3076923076923,-100,-91.0
-66.02564102564102,-100,-92.0
-64.74358974358974,-100,-94.0
-63.46153846153846,-100,-93.0
-62.17948717948718,-100,-93.0
-60.8974358974359,-100,-93.0
-59.61538461538461,-100,-92.0
-58.33333333333333,-100,-93.0
-57.05128205128205,-100,-93.0
-55.76923076923077,-100,-92.0
-54.48717948717949,-100,-92.0
-53.205128205128204,-100,-93.0
-51.92307692307692,-100,-93.0
-50.641025641025635,-100,-94.0
-49.35897435897436,-100,-93.0
-48.07692307692307,-100,-94.0
-46.794871794871796,-100,-93.0
-45.51282051282051,-100,-93.0
-44.230769230769226,-100,-91.0
-42.94871794871795,-100,-93.0
-41.666666666666664,-100,-92.0
-40.38461538461538,-100,-92.0
-39.1025641025641,-100,-93.0
-37.82051282051282,-100,-92.0
-36.53846153846153,-100,-91.0
-35.256410256410255,-100,-91.0
-33.97435897435897,-100,-92.0
-32.692307692307686,-100,-93.0
-31.41025641025641,-100,-93.0
-30.128205128205124,-100,-94.0
-28.84615384615384,-100,-92.0
-27.564102564102562,-100,-92.0
-26.282051282051277,-100,-92.0
-24.999999999999993,-100,-92.0
-23.717948717948715,-100,-93.0
-22.43589743589743,-100,-94.0
-21.153846153846146,-100,-94.0
-19.87179487179487,-100,-92.0
-18.589743589743584,-100,-91.0
-17.3076923076923,-100,-92.0
-16.025641025641022,-100,-91.0
-14.743589743589737,-100,-92.0
-13.461538461538453,-100,-92.0
-12.179487179487175,-100,-92.0
-10.897435897435898,-100,-94.0
-9.615384615384613,-100,-93.0
-8.333333333333329,-100,-94.0
-7.051282051282044,-100,-92.0
-5.769230769230759,-100,-92.0
-4.487179487179475,-100,-91.0
-3.2051282051282044,-100,-91.0
-1.9230769230769198,-100,-92.0
-0.6410256410256352,-100,-93.0
0.6410256410256494,-100,-94.0
1.923076923076934,-100,-93.0
3.2051282051282186,-100,-93.0
4.487179487179489,-100,-93.0
5.769230769230774,-100,-92.0
7.051282051282058,-100,-91.0
8.333333333333343,-100,-92.0
9.615384615384627,-100,-94.0
10.897435897435898,-100,-93.0
12.179487179487182,-100,-93.0
13.461538461538467,-100,-92.0
14.743589743589752,-100,-92.0
16.025641025641036,-100,-92.0
17.30769230769232,-100,-93.0
18.58974358974359,-100,-94.0
19.871794871794876,-100,-92.0
21.15384615384616,-100,-92.0
22.435897435897445,-100,-93.0
23.71794871794873,-100,-93.0
25.000000000000014,-100,-92.0
26.282051282051285,-100,-93.0
27.56410256410257,-100,-92.0
28.846153846153854,-100,-92.0
30.12820512820514,-100,-93.0
31.410256410256423,-100,-93.0
32.69230769230771,-100,-93.0
33.97435897435898,-100,-94.0
35.25641025641026,-100,-93.0
36.53846153846155,-100,-91.0
37.82051282051283,-100,-91.0
39.102564102564116,-100,-93.0
40.3846153846154,-100,-93.0
41.66666666666667,-100,-93.0
42.948717948717956,-100,-94.0
44.23076923076924,-100,-94.0
45.512820512820525,-100,-92.0
46.79487179487181,-100,-92.0
48.076923076923094,-100,-92.0
49.358974358974365,-100,-92.0
50.64102564102565,-100,-93.0
51.923076923076934,-100,-93.0
53.205128205128204,-100,-94.0
54.4871794871795,-100,-93.0
55.769230769230774,-100,-93.0
57.05128205128207,-100,-93.0
58.33333333333334,-100,-93.0
59.61538461538461,-100,-93.0
60.89743589743591,-100,-93.0
62.17948717948718,-100,-92.0
63.46153846153848,-100,-92.0
64.74358974358975,-100,-92.0
66.02564102564105,-100,-92.0
67.30769230769232,-100,-91.0
68.58974358974359,-100,-93.0
69.87179487179489,-100,-93.0
71.15384615384616,-100,-92.0
72.43589743589746,-100,-92.0
73.71794871794873,-100,-92.0
75.0,-100,-92.0
